order_id,order_date,status_raw,fulfilment,sales_channel,ship_service_level,style,sku,category,size,asin,courier_status,qty,amount,ship_city,ship_state,ship_postal_code,ship_country,is_b2b,status_group,is_cancelled,is_returned,is_delivered,unit_price,order_month,order_weekday,is_weekend,is_fba,is_easy_ship,promo_applied
405-8078784-5731545,2022-04-30 00:00:00,Cancelled,Merchant,Amazon.in,Standard,SET389,SET389-KR-NP-S,Set,S,B09KXVBD7Z,,0,647.62,Mumbai,Maharashtra,400081.0,IN,false,Cancelled,true,false,false,0.0,2022-04,Saturday,true,false,true,false
171-9198151-1101146,2022-04-30 00:00:00,Shipped - Delivered to Buyer,Merchant,Amazon.in,Standard,JNE3781,JNE3781-KR-XXXL,kurta,3XL,B09K3WFS32,Shipped,1,406.0,Bengaluru,Karnataka,560085.0,IN,false,Delivered,false,false,true,406.0,2022-04,Saturday,true,false,true,true
404-0687676-7273146,2022-04-30 00:00:00,Shipped,Amazon,Amazon.in,Expedited,JNE3371,JNE3371-KR-XL,kurta,XL,B07WV4JV4D,Shipped,1,329.0,Navi Mumbai,Maharashtra,410210.0,IN,true,In Transit,false,false,false,329.0,2022-04,Saturday,true,true,false,true
403-9615377-8133951,2022-04-30 00:00:00,Cancelled,Merchant,Amazon.in,Standard,J0341,J0341-DR-L,Western Dress,L,B099NRCT7B,,0,753.33,Puducherry,Puducherry,605008.0,IN,false,Cancelled,true,false,false,0.0,2022-04,Saturday,true,false,true,false
407-1069790-7240320,2022-04-30 00:00:00,Shipped,Amazon,Amazon.in,Expedited,JNE3671,JNE3671-TU-XXXL,Top,3XL,B098714BZP,Shipped,1,574.0,Chennai,Tamil Nadu,600073.0,IN,false,In Transit,false,false,false,574.0,2022-04,Saturday,true,true,false,false
404-1490984-4578765,2022-04-30 00:00:00,Shipped,Amazon,Amazon.in,Expedited,SET264,SET264-KR-NP-XL,Set,XL,B08YN7XDSG,Shipped,1,824.0,Ghaziabad,Uttar Pradesh,201102.0,IN,false,In Transit,false,false,false,824.0,2022-04,Saturday,true,true,false,true
408-5748499-6859555,2022-04-30 00:00:00,Shipped,Amazon,Amazon.in,Expedited,J0095,J0095-SET-L,Set,L,B08CMHNWBN,Shipped,1,653.0,Chandigarh,Chandigarh,160036.0,IN,false,In Transit,false,false,false,653.0,2022-04,Saturday,true,true,false,true
406-7807733-3785945,2022-04-30 00:00:00,Shipped - Delivered to Buyer,Merchant,Amazon.in,Standard,JNE3405,JNE3405-KR-S,kurta,S,B081WX4G4Q,Shipped,1,399.0,Hyderabad,Telangana,500032.0,IN,false,Delivered,false,false,true,399.0,2022-04,Saturday,true,false,true,true
407-5443024-5233168,2022-04-30 00:00:00,Cancelled,Amazon,Amazon.in,Expedited,SET200,SET200-KR-NP-A-XXXL,Set,3XL,B08L91ZZXN,Cancelled,0,0.0,Hyderabad,Telangana,500008.0,IN,false,Cancelled,true,false,false,0.0,2022-04,Saturday,true,true,false,true
402-4393761-0311520,2022-04-30 00:00:00,Shipped,Amazon,Amazon.in,Expedited,JNE3461,JNE3461-KR-XXL,kurta,XXL,B08B3XF5MH,Shipped,1,363.0,Chennai,Tamil Nadu,600041.0,IN,false,In Transit,false,false,false,363.0,2022-04,Saturday,true,true,false,false
407-5633625-6970741,2022-04-30 00:00:00,Shipped,Amazon,Amazon.in,Expedited,JNE3160,JNE3160-KR-G-S,kurta,S,B07K3YQLF1,Shipped,1,685.0,Chennai,Tamil Nadu,600073.0,IN,false,In Transit,false,false,false,685.0,2022-04,Saturday,true,true,false,false
171-4638481-6326716,2022-04-30 00:00:00,Shipped,Amazon,Amazon.in,Expedited,JNE3500,JNE3500-KR-XS,kurta,XS,B098117DJ3,Shipped,1,364.0,Noida,Uttar Pradesh,201303.0,IN,false,In Transit,false,false,false,364.0,2022-04,Saturday,true,true,false,false
405-5513694-8146768,2022-04-30 00:00:00,Shipped - Delivered to Buyer,Merchant,Amazon.in,Standard,JNE3405,JNE3405-KR-XS,kurta,XS,B081XCMYXJ,Shipped,1,399.0,Amravati.,Maharashtra,444606.0,IN,false,Delivered,false,false,true,399.0,2022-04,Saturday,true,false,true,true
408-7955685-3083534,2022-04-30 00:00:00,Shipped,Amazon,Amazon.in,Expedited,SET182,SET182-KR-DH-XS,Set,XS,B085HS947T,Shipped,1,657.0,Mumbai,Maharashtra,400053.0,IN,false,In Transit,false,false,false,657.0,2022-04,Saturday,true,true,false,false
408-1298370-1920302,2022-04-30 00:00:00,Shipped - Delivered to Buyer,Merchant,Amazon.in,Standard,J0351,J0351-SET-L,Set,L,B09CSSQY4F,Shipped,1,771.0,Mumbai,Maharashtra,400053.0,IN,false,Delivered,false,false,true,771.0,2022-04,Saturday,true,false,true,true
403-4965581-9520319,2022-04-30 00:00:00,Shipped - Delivered to Buyer,Merchant,Amazon.in,Standard,PJNE3368,PJNE3368-KR-6XL,kurta,6XL,B09PY99SVJ,Shipped,1,544.0,Guntakal,Andhra Pradesh,515801.0,IN,false,Delivered,false,false,true,544.0,2022-04,Saturday,true,false,true,true
406-9379318-6555504,2022-04-30 00:00:00,Shipped,Amazon,Amazon.in,Expedited,JNE3721,JNE3721-KR-XXL,kurta,XXL,B099FCT65D,Shipped,1,329.0,Jaipur,Rajasthan,302020.0,IN,false,In Transit,false,false,false,329.0,2022-04,Saturday,true,true,false,true
405-9013803-8009918,2022-04-30 00:00:00,Shipped,Amazon,Amazon.in,Expedited,JNE3405,JNE3405-KR-XL,kurta,XL,B081WT6GG7,Shipped,1,399.0,New Delhi,Delhi,110074.0,IN,false,In Transit,false,false,false,399.0,2022-04,Saturday,true,true,false,false
402-4030358-5835511,2022-04-30 00:00:00,Shipped - Delivered to Buyer,Merchant,Amazon.in,Standard,JNE3697,JNE3697-KR-XXL,kurta,XXL,B098133PV5,Shipped,1,458.0,Gurgaon,Haryana,122004.0,IN,false,Delivered,false,false,true,458.0,2022-04,Saturday,true,false,true,true
405-5957858-1051546,2022-04-30 00:00:00,Shipped,Amazon,Amazon.in,Expedited,SET254,SET254-KR-NP-XS,Set,XS,B0983DDPL6,Shipped,1,886.0,Bengaluru,Karnataka,560017.0,IN,false,In Transit,false,false,false,886.0,2022-04,Saturday,true,true,false,false
405-0607769-0716360,2022-04-30 00:00:00,Shipped,Amazon,Amazon.in,Expedited,JNE3795,JNE3795-KR-XXXL,kurta,3XL,B09HMXJVFS,Shipped,1,517.0,Tiruchirappalli,Tamil Nadu,620018.0,IN,false,In Transit,false,false,false,517.0,2022-04,Saturday,true,true,false,true
404-8494550-5860325,2022-04-30 00:00:00,Shipped,Amazon,Amazon.in,Expedited,SET345,SET345-KR-NP-M,Set,M,B09KXV4BN8,Shipped,1,666.0,Bengaluru,Karnataka,560040.0,IN,false,In Transit,false,false,false,666.0,2022-04,Saturday,true,true,false,true
171-1305077-2813934,2022-04-30 00:00:00,Shipped,Amazon,Amazon.in,Expedited,JNE3373,JNE3373-KR-L,kurta,L,B082W7GVH7,Shipped,1,376.0,Hyderabad,Telangana,500072.0,IN,false,In Transit,false,false,false,376.0,2022-04,Saturday,true,true,false,false
404-6019946-2909948,2022-04-30 00:00:00,Cancelled,Merchant,Amazon.in,Standard,SET291,SET291-KR-PP-M,Set,M,B099NK55YG,,0,570.48,Pune,Maharashtra,411044.0,IN,false,Cancelled,true,false,false,0.0,2022-04,Saturday,true,false,true,false
402-3384087-4005164,2022-04-30 00:00:00,Shipped,Amazon,Amazon.in,Expedited,MEN5002,MEN5002-KR-L,kurta,L,B08YYYDN9R,Shipped,1,499.0,Tezpur,Assam,784001.0,IN,false,In Transit,false,false,false,499.0,2022-04,Saturday,true,true,false,true
405-8191138-5176316,2022-04-30 00:00:00,Shipped - Delivered to Buyer,Merchant,Amazon.in,Standard,NW030,NW030-TP-PJ-XS,Set,XS,B09G2RQSRZ,Shipped,1,582.0,Ranchi,Jharkhand,834002.0,IN,false,Delivered,false,false,true,582.0,2022-04,Saturday,true,false,true,true
403-9230474-9657916,2022-04-30 00:00:00,Shipped - Delivered to Buyer,Merchant,Amazon.in,Standard,JNE3415,JNE3415-KR-XXXL,kurta,3XL,B082W8JXJ9,Shipped,1,299.0,Bilaspur,Chhattisgarh,495001.0,IN,false,Delivered,false,false,true,299.0,2022-04,Saturday,true,false,true,true
408-3484251-6901959,2022-04-30 00:00:00,Shipped,Amazon,Amazon.in,Expedited,PJNE2199,PJNE2199-KR-N-4XL,kurta,4XL,B09LD2W9XL,Shipped,1,459.0,Pune,Maharashtra,411052.0,IN,false,In Transit,false,false,false,459.0,2022-04,Saturday,true,true,false,false
405-7755803-4729935,2022-04-30 00:00:00,Shipped,Amazon,Amazon.in,Expedited,JNE3567,JNE3567-KR-M,kurta,M,B08KRXV1QR,Shipped,1,399.0,Bengaluru,Karnataka,560037.0,IN,false,In Transit,false,false,false,399.0,2022-04,Saturday,true,true,false,true
404-5933402-8801952,2022-04-30 00:00:00,Cancelled,Merchant,Amazon.in,Standard,JNE2132,JNE2132-KR-398-XXXL,kurta,3XL,B07JG3CND8,,0,0.0,Guwahati,Assam,781003.0,IN,false,Cancelled,true,false,false,0.0,2022-04,Saturday,true,false,true,false
171-9040274-9291563,2022-04-30 00:00:00,Shipped,Amazon,Amazon.in,Expedited,J0341,J0341-DR-S,Western Dress,S,B099NR7612,Shipped,1,791.0,Thiruvarur,Tamil Nadu,613704.0,IN,false,In Transit,false,false,false,791.0,2022-04,Saturday,true,true,false,true
403-7056319-0979561,2022-04-30 00:00:00,Shipped,Amazon,Amazon.in,Expedited,MEN5009,MEN5009-KR-XL,kurta,XL,B08YYTCPYX,Shipped,1,499.0,Lucknow,Uttar Pradesh,226010.0,IN,false,In Transit,false,false,false,499.0,2022-04,Saturday,true,true,false,true
404-9632124-1107550,2022-04-30 00:00:00,Shipped - Delivered to Buyer,Merchant,Amazon.in,Standard,J0011,J0011-LCD-M,Set,M,B08B3YNJG5,Shipped,1,1233.0,Visakhapatnam,Andhra Pradesh,530016.0,IN,false,Delivered,false,false,true,1233.0,2022-04,Saturday,true,false,true,true
402-1465437-0579556,2022-04-30 00:00:00,Shipped - Delivered to Buyer,Merchant,Amazon.in,Standard,JNE3766,JNE3766-KR-M,kurta,M,B09K3XR43V,Shipped,1,517.0,Jeypur,Odisha,764001.0,IN,false,Delivered,false,false,true,517.0,2022-04,Saturday,true,false,true,true
404-7774085-3780319,2022-04-30 00:00:00,Shipped,Amazon,Amazon.in,Expedited,JNE3373,JNE3373-KR-XL,kurta,XL,B082W8BXW1,Shipped,1,376.0,Hyderabad,Telangana,500028.0,IN,false,In Transit,false,false,false,376.0,2022-04,Saturday,true,true,false,false
402-2764952-1492318,2022-04-30 00:00:00,Shipped - Delivered to Buyer,Merchant,Amazon.in,Standard,MEN5001,MEN5001-KR-XL,kurta,XL,B08YYRH2Q6,Shipped,1,499.0,Lucknow,Uttar Pradesh,226016.0,IN,false,Delivered,false,false,true,499.0,2022-04,Saturday,true,false,true,true
406-0272200-7784379,2022-04-30 00:00:00,Shipped,Amazon,Amazon.in,Expedited,SET345,SET345-KR-NP-L,Set,L,B09KXT4VG7,Shipped,1,666.0,Chennai,Tamil Nadu,600033.0,IN,false,In Transit,false,false,false,666.0,2022-04,Saturday,true,true,false,true
403-4367956-2849158,2022-04-30 00:00:00,Shipped,Amazon,Amazon.in,Expedited,JNE3787,JNE3787-KR-S,kurta,S,B09RKBXM5B,Shipped,1,487.0,New Delhi,Delhi,110092.0,IN,false,In Transit,false,false,false,487.0,2022-04,Saturday,true,true,false,true
403-4367956-2849158,2022-04-30 00:00:00,Shipped,Amazon,Amazon.in,Expedited,JNE3543,JNE3543-KR-S,kurta,S,B08HHJP41L,Shipped,1,368.0,New Delhi,Delhi,110092.0,IN,false,In Transit,false,false,false,368.0,2022-04,Saturday,true,true,false,true
403-4242957-8599555,2022-04-30 00:00:00,Shipped,Amazon,Amazon.in,Expedited,JNE3405,JNE3405-KR-L,kurta,L,B081WSCKPQ,Shipped,1,399.0,Thiruvananthapuram,Kerala,695011.0,IN,false,In Transit,false,false,false,399.0,2022-04,Saturday,true,true,false,false
408-7165704-5643524,2022-04-30 00:00:00,Shipped,Amazon,Amazon.in,Expedited,J0211,J0211-DR-XXL,Ethnic Dress,XXL,B09831VWD9,Shipped,1,699.0,Greater Noida,Uttar Pradesh,201306.0,IN,false,In Transit,false,false,false,699.0,2022-04,Saturday,true,true,false,true
402-8210765-3935569,2022-04-30 00:00:00,Shipped,Amazon,Amazon.in,Expedited,J0401,J0401-DR-XXXL,Western Dress,3XL,B09SDXZBGX,Shipped,1,885.0,Jabalpur,Madhya Pradesh,482002.0,IN,false,In Transit,false,false,false,885.0,2022-04,Saturday,true,true,false,true
406-7398201-3869914,2022-04-30 00:00:00,Shipped - Delivered to Buyer,Merchant,Amazon.in,Standard,JNE2153,JNE2153-KR-278-A-M,kurta,M,B0794YR85H,Shipped,1,424.0,Mumbai,Maharashtra,400092.0,IN,false,Delivered,false,false,true,424.0,2022-04,Saturday,true,false,true,true
408-3478480-0881162,2022-04-30 00:00:00,Shipped,Amazon,Amazon.in,Expedited,SET360,SET360-KR-NP-M,Set,M,B09QJM1D7F,Shipped,1,1126.0,Lucknow,Uttar Pradesh,226017.0,IN,false,In Transit,false,false,false,1126.0,2022-04,Saturday,true,true,false,true
402-7595162-9129931,2022-04-30 00:00:00,Shipped,Amazon,Amazon.in,Expedited,SET268,SET268-KR-NP-L,Set,L,B08XQ8MCKP,Shipped,1,788.0,Mumbai,Maharashtra,400076.0,IN,false,In Transit,false,false,false,788.0,2022-04,Saturday,true,true,false,false
171-6876154-6233146,2022-04-30 00:00:00,Shipped,Amazon,Amazon.in,Expedited,SET183,SET183-KR-DH-S,Set,S,B08B3Z38TJ,Shipped,1,759.0,Kolkata,West Bengal,700014.0,IN,false,In Transit,false,false,false,759.0,2022-04,Saturday,true,true,false,true
408-3917043-5314763,2022-04-30 00:00:00,Shipped,Amazon,Amazon.in,Expedited,J0230,J0230-SKD-L,Set,L,B08XNDL1DL,Shipped,1,1146.0,Ongole,Andhra Pradesh,523001.0,IN,false,In Transit,false,false,false,1146.0,2022-04,Saturday,true,true,false,false
408-9281152-6213100,2022-04-30 00:00:00,Shipped,Amazon,Amazon.in,Expedited,JNE3744,JNE3744-TU-S,Top,S,B0986ZHR9D,Shipped,1,665.0,Secunderabad,Telangana,500017.0,IN,false,In Transit,false,false,false,665.0,2022-04,Saturday,true,true,false,true
403-3496411-3082707,2022-04-30 00:00:00,Shipped,Amazon,Amazon.in,Expedited,JNE3510,JNE3510-KR-S,kurta,S,B08WPTJBBD,Shipped,1,429.0,Hyderabad,Telangana,500062.0,IN,false,In Transit,false,false,false,429.0,2022-04,Saturday,true,true,false,true
171-9208368-0157156,2022-04-30 00:00:00,Shipped - Delivered to Buyer,Merchant,Amazon.in,Standard,JNE3405,JNE3405-KR-M,kurta,M,B081WVMMCY,Shipped,1,399.0,Kewalpur,Uttar Pradesh,271881.0,IN,false,Delivered,false,false,true,399.0,2022-04,Saturday,true,false,true,true
408-2137113-0982751,2022-04-30 00:00:00,Shipped,Amazon,Amazon.in,Expedited,J0186,J0186-SET-S,Set,S,B091Z81MLX,Shipped,1,848.0,Cuttack,Odisha,753012.0,IN,false,In Transit,false,false,false,848.0,2022-04,Saturday,true,true,false,true
402-3628566-9688333,2022-04-30 00:00:00,Shipped,Amazon,Amazon.in,Expedited,J0003,J0003-SET-M,Set,M,B0894XH3LN,Shipped,1,654.0,Badlapur,Maharashtra,421503.0,IN,false,In Transit,false,false,false,654.0,2022-04,Saturday,true,true,false,true
408-7138000-9728362,2022-04-30 00:00:00,Shipped,Amazon,Amazon.in,Expedited,SET282,SET282-KR-PP-M,Set,M,B09CTCDDQ4,Shipped,1,1033.0,Dimapur,Nagaland,797112.0,IN,false,In Transit,false,false,false,1033.0,2022-04,Saturday,true,true,false,true
402-1752649-2274748,2022-04-30 00:00:00,Shipped,Amazon,Amazon.in,Expedited,JNE1407,JNE1407-BLACK-KR-UDF18-XL,kurta,XL,B01M4IAS51,Shipped,1,390.0,Bengaluru,Karnataka,560047.0,IN,false,In Transit,false,false,false,390.0,2022-04,Saturday,true,true,false,false
402-7944191-1869101,2022-04-30 00:00:00,Shipped,Amazon,Amazon.in,Expedited,J0301,J0301-TP-L,Top,L,B099S6795L,Shipped,1,493.0,Bengaluru,Karnataka,560076.0,IN,false,In Transit,false,false,false,493.0,2022-04,Saturday,true,true,false,true
407-4063876-9566742,2022-04-30 00:00:00,Shipped,Amazon,Amazon.in,Expedited,JNE3869,JNE3869-DR-S,Western Dress,S,B09RK67Y51,Shipped,1,721.0,Warangal,Telangana,506001.0,IN,false,In Transit,false,false,false,721.0,2022-04,Saturday,true,true,false,true
403-0752752-4656334,2022-04-30 00:00:00,Shipped,Amazon,Amazon.in,Expedited,SET324,SET324-KR-NP-XS,Set,XS,B09NQ4DD29,Shipped,1,597.0,Dhaulpur,Rajasthan,328024.0,IN,false,In Transit,false,false,false,597.0,2022-04,Saturday,true,true,false,true
406-8879861-2081117,2022-04-30 00:00:00,Shipped,Amazon,Amazon.in,Expedited,JNE3405,JNE3405-KR-L,kurta,L,B081WSCKPQ,Shipped,1,399.0,Guwahati,Assam,781029.0,IN,false,In Transit,false,false,false,399.0,2022-04,Saturday,true,true,false,false
406-8089333-7941903,2022-04-30 00:00:00,Shipped,Amazon,Amazon.in,Expedited,SET279,SET279-LC-S,Set,S,B09CT6L67S,Shipped,1,888.0,Bengaluru,Karnataka,560103.0,IN,false,In Transit,false,false,false,888.0,2022-04,Saturday,true,true,false,true
171-3072652-6805159,2022-04-30 00:00:00,Shipped,Amazon,Amazon.in,Expedited,JNE2014,JNE2014-KR-178-XXL,kurta,XXL,B077MF72BK,Shipped,1,353.0,Hyderabad,Telangana,500072.0,IN,false,In Transit,false,false,false,353.0,2022-04,Saturday,true,true,false,true
171-2592464-6846743,2022-04-30 00:00:00,Shipped - Delivered to Buyer,Merchant,Amazon.in,Standard,NW005,NW005-ST-PJ-XL,Set,XL,B0922WJ27J,Shipped,1,599.0,Bengaluru,Karnataka,560023.0,IN,false,Delivered,false,false,true,599.0,2022-04,Saturday,true,false,true,true
404-2262140-4696366,2022-04-30 00:00:00,Shipped,Amazon,Amazon.in,Expedited,JNE2270,JNE2270-KR-487-A-M,kurta,M,B07H7FZD32,Shipped,1,518.0,Nagpur,Maharashtra,440022.0,IN,false,In Transit,false,false,false,518.0,2022-04,Saturday,true,true,false,true
404-2262140-4696366,2022-04-30 00:00:00,Shipped,Amazon,Amazon.in,Expedited,JNE3579,JNE3579-KR-M,kurta,M,B08QGK2BS2,Shipped,1,295.0,Nagpur,Maharashtra,440022.0,IN,false,In Transit,false,false,false,295.0,2022-04,Saturday,true,true,false,true
405-3594372-1614709,2022-04-30 00:00:00,Shipped,Amazon,Amazon.in,Expedited,SET347,SET347-KR-NP-XS,Set,XS,B09RKFBMYD,Shipped,1,852.0,Greater Noida,Uttar Pradesh,201306.0,IN,false,In Transit,false,false,false,852.0,2022-04,Saturday,true,true,false,true
407-2974257-4781134,2022-04-30 00:00:00,Shipped,Amazon,Amazon.in,Expedited,SET264,SET264-KR-NP-M,Set,M,B08YN44FZJ,Shipped,1,824.0,Thane,Maharashtra,400607.0,IN,false,In Transit,false,false,false,824.0,2022-04,Saturday,true,true,false,false
171-4137548-0481151,2022-04-30 00:00:00,Cancelled,Amazon,Amazon.in,Expedited,JNE3373,JNE3373-KR-XXL,kurta,XXL,B082W8RWN1,Cancelled,0,0.0,Dahod,Gujarat,389151.0,IN,false,Cancelled,true,false,false,0.0,2022-04,Saturday,true,true,false,false
405-4461562-9113959,2022-04-30 00:00:00,Shipped,Amazon,Amazon.in,Expedited,SET333,SET333-KR-DPT-XXL,Set,XXL,B09RKDZ461,Shipped,1,909.0,Ranchi,Jharkhand,834004.0,IN,false,In Transit,false,false,false,909.0,2022-04,Saturday,true,true,false,true
404-4535078-5241919,2022-04-30 00:00:00,Shipped,Amazon,Amazon.in,Expedited,JNE3645,JNE3645-TP-N-L,Top,L,B08ZHNGS54,Shipped,1,432.0,Pune,Maharashtra,411014.0,IN,false,In Transit,false,false,false,432.0,2022-04,Saturday,true,true,false,true
405-8387725-2971512,2022-04-30 00:00:00,Shipped,Amazon,Amazon.in,Expedited,SET233,SET233-KR-PP-L,Set,L,B08MXF6MZF,Shipped,1,545.0,Bengaluru,Karnataka,560040.0,IN,false,In Transit,false,false,false,545.0,2022-04,Saturday,true,true,false,true
405-6480932-8759528,2022-04-30 00:00:00,Shipped,Amazon,Amazon.in,Expedited,J0381,J0381-SKD-XXXL,Set,3XL,B09M6VGNX8,Shipped,1,1146.0,Vijapura,Karnataka,586201.0,IN,false,In Transit,false,false,false,1146.0,2022-04,Saturday,true,true,false,true
405-9966506-3155561,2022-04-30 00:00:00,Shipped - Delivered to Buyer,Merchant,Amazon.in,Standard,JNE3068,JNE3068-KR-A-XL,kurta,XL,B07H7F97S4,Shipped,1,696.0,Chennai,Tamil Nadu,600041.0,IN,false,Delivered,false,false,true,696.0,2022-04,Saturday,true,false,true,true
408-7029737-8028367,2022-04-30 00:00:00,Shipped,Amazon,Amazon.in,Expedited,JNE3718,JNE3718-KR-M,kurta,M,B099FB63Q6,Shipped,1,432.0,Mumbai,Maharashtra,400080.0,IN,false,In Transit,false,false,false,432.0,2022-04,Saturday,true,true,false,false
407-2189901-7515567,2022-04-30 00:00:00,Shipped - Delivered to Buyer,Merchant,Amazon.in,Standard,SET386,SET386-KR-NP-S,Set,S,B09K3YFPSS,Shipped,1,631.0,Bangalore,Karnataka,560001.0,IN,false,Delivered,false,false,true,631.0,2022-04,Saturday,true,false,true,true
402-2105657-2899562,2022-04-30 00:00:00,Shipped,Amazon,Amazon.in,Expedited,JNE3745,JNE3745-KR-XXL,kurta,XXL,B09K3WDYB6,Shipped,1,316.0,Bengaluru,Karnataka,560098.0,IN,false,In Transit,false,false,false,316.0,2022-04,Saturday,true,true,false,false
406-1326801-8886709,2022-04-30 00:00:00,Shipped - Delivered to Buyer,Merchant,Amazon.in,Standard,JNE3467,JNE3467-KR-XL,kurta,XL,B08CDQKS84,Shipped,1,362.0,Berhampur,Odisha,760002.0,IN,false,Delivered,false,false,true,362.0,2022-04,Saturday,true,false,true,true
408-7760667-5809130,2022-04-30 00:00:00,Shipped,Amazon,Amazon.in,Expedited,JNE3721,JNE3721-KR-L,kurta,L,B099FBM4FZ,Shipped,1,329.0,Hyderabad,Telangana,500085.0,IN,false,In Transit,false,false,false,329.0,2022-04,Saturday,true,true,false,true
405-8457623-9269955,2022-04-30 00:00:00,Shipped,Amazon,Amazon.in,Expedited,JNE3405,JNE3405-KR-XXL,kurta,XXL,B081WSL2JS,Shipped,1,399.0,Pune,Maharashtra,411045.0,IN,false,In Transit,false,false,false,399.0,2022-04,Saturday,true,true,false,false
408-6820155-3521913,2022-04-30 00:00:00,Shipped,Amazon,Amazon.in,Expedited,SET295,SET295-KR-NP-XXXL,Set,3XL,B09PN3GVMZ,Shipped,1,751.0,Tezpur,Assam,784001.0,IN,false,In Transit,false,false,false,751.0,2022-04,Saturday,true,true,false,true
403-6190683-2687538,2022-04-30 00:00:00,Shipped,Amazon,Amazon.in,Expedited,JNE3861,JNE3861-DR-XL,Western Dress,XL,B09SDZ14KR,Shipped,1,791.0,Himmatnagar,Gujarat,383001.0,IN,false,In Transit,false,false,false,791.0,2022-04,Saturday,true,true,false,false
408-4069830-3819562,2022-04-30 00:00:00,Shipped,Amazon,Amazon.in,Expedited,SET288,SET288-KR-NP-XXXL,Set,3XL,B09M6STTBC,Shipped,1,684.0,Kolkata,West Bengal,700048.0,IN,false,In Transit,false,false,false,684.0,2022-04,Saturday,true,true,false,true
408-4069830-3819562,2022-04-30 00:00:00,Shipped,Amazon,Amazon.in,Expedited,SET394,SET394-KR-NP-XXXL,Set,3XL,B09TH6R8K4,Shipped,1,1281.0,Kolkata,West Bengal,700048.0,IN,false,In Transit,false,false,false,1281.0,2022-04,Saturday,true,true,false,true
408-4069830-3819562,2022-04-30 00:00:00,Shipped,Amazon,Amazon.in,Expedited,SET397,SET397-KR-NP-XXXL,Set,3XL,B09RKDPH6J,Shipped,1,1186.0,Kolkata,West Bengal,700048.0,IN,false,In Transit,false,false,false,1186.0,2022-04,Saturday,true,true,false,true
171-7367545-7081126,2022-04-30 00:00:00,Shipped,Amazon,Amazon.in,Expedited,MEN5002,MEN5002-KR-XXL,kurta,XXL,B08YZ1HZ7B,Shipped,1,499.0,Hyderabad,Telangana,502032.0,IN,false,In Transit,false,false,false,499.0,2022-04,Saturday,true,true,false,true
404-6522553-9345930,2022-04-30 00:00:00,Cancelled,Merchant,Amazon.in,Standard,SET377,SET377-KR-NP-M,Set,M,B09TZV23QS,,0,1105.36,Dehradun,Uttarakhand,248001.0,IN,false,Cancelled,true,false,false,0.0,2022-04,Saturday,true,false,true,false
403-9950518-0349133,2022-04-30 00:00:00,Cancelled,Amazon,Amazon.in,Expedited,JNE3510,JNE3510-KR-M,kurta,M,B08WPR5MCB,Cancelled,0,0.0,Hyderabad,Telangana,500072.0,IN,false,Cancelled,true,false,false,0.0,2022-04,Saturday,true,true,false,false
407-6599093-6553153,2022-04-30 00:00:00,Shipped - Delivered to Buyer,Merchant,Amazon.in,Standard,BTM038,BTM038-PP-XXXL,Bottom,3XL,B08KR9JYNQ,Shipped,1,377.0,Kolkata,West Bengal,700078.0,IN,false,Delivered,false,false,true,377.0,2022-04,Saturday,true,false,true,true
403-3763475-2237125,2022-04-30 00:00:00,Shipped,Amazon,Amazon.in,Expedited,J0343,J0343-DR-M,Western Dress,M,B0982ZJ666,Shipped,1,744.0,Dharmapuri,Tamil Nadu,636705.0,IN,false,In Transit,false,false,false,744.0,2022-04,Saturday,true,true,false,true
405-1492294-0323520,2022-04-30 00:00:00,Shipped,Amazon,Amazon.in,Expedited,J0341,J0341-DR-XL,Western Dress,XL,B099NQJZPQ,Shipped,1,744.0,Dehradun,Uttarakhand,248005.0,IN,false,In Transit,false,false,false,744.0,2022-04,Saturday,true,true,false,true
403-1162895-2484367,2022-04-30 00:00:00,Shipped - Delivered to Buyer,Merchant,Amazon.in,Standard,J0295,J0295-DR-XXL,Western Dress,XXL,B099NSGTJ9,Shipped,1,859.0,Jaipur,Rajasthan,303905.0,IN,false,Delivered,false,false,true,859.0,2022-04,Saturday,true,false,true,true
171-6833843-5473114,2022-04-30 00:00:00,Shipped,Amazon,Amazon.in,Expedited,JNE3560,JNE3560-KR-M,kurta,M,B08PCVMF6R,Shipped,1,487.0,Vadodara,Gujarat,390019.0,IN,false,In Transit,false,false,false,487.0,2022-04,Saturday,true,true,false,false
403-1477057-8253913,2022-04-30 00:00:00,Shipped,Amazon,Amazon.in,Expedited,J0333,J0333-DR-XXXL,Western Dress,3XL,B0983121HP,Shipped,1,825.0,Chavakkad,Kerala,680506.0,IN,false,In Transit,false,false,false,825.0,2022-04,Saturday,true,true,false,true
408-2114413-6089906,2022-04-30 00:00:00,Shipped,Amazon,Amazon.in,Expedited,SET389,SET389-KR-NP-M,Set,M,B09KXTTVB5,Shipped,1,680.0,Patna,Bihar,800026.0,IN,false,In Transit,false,false,false,680.0,2022-04,Saturday,true,true,false,true
405-1879750-2639521,2022-04-30 00:00:00,Shipped - Delivered to Buyer,Merchant,Amazon.in,Standard,JNE3801,JNE3801-KR-XXXL,kurta,3XL,B09SDYSR1F,Shipped,1,725.0,Chennai,Tamil Nadu,600028.0,IN,false,Delivered,false,false,true,725.0,2022-04,Saturday,true,false,true,true
406-5727754-5302723,2022-04-30 00:00:00,Shipped,Amazon,Amazon.in,Expedited,SET098,SET098-KR-PP-M,Set,M,B07X3K4L82,Shipped,1,696.0,Vadodara,Gujarat,390018.0,IN,false,In Transit,false,false,false,696.0,2022-04,Saturday,true,true,false,true
405-0901744-8270705,2022-04-30 00:00:00,Shipped,Amazon,Amazon.in,Expedited,MEN5013,MEN5013-KR-L,kurta,L,B08YYR9G96,Shipped,1,499.0,Vadodara,Gujarat,390003.0,IN,false,In Transit,false,false,false,499.0,2022-04,Saturday,true,true,false,true
405-9112089-3379536,2022-04-30 00:00:00,Cancelled,Amazon,Amazon.in,Expedited,JNE3405,JNE3405-KR-L,kurta,L,B081WSCKPQ,Cancelled,0,0.0,Pune,Maharashtra,411046.0,IN,false,Cancelled,true,false,false,0.0,2022-04,Saturday,true,true,false,false
408-6357132-2310703,2022-04-30 00:00:00,Shipped,Amazon,Amazon.in,Expedited,J0003,J0003-SET-L,Set,L,B0894Y4PNG,Shipped,1,696.0,Jammu,Jammu & Kashmir,180011.0,IN,false,In Transit,false,false,false,696.0,2022-04,Saturday,true,true,false,true
406-5334922-9670748,2022-04-30 00:00:00,Shipped,Amazon,Amazon.in,Expedited,JNE3718,JNE3718-KR-XXXL,kurta,3XL,B099NJ1WVX,Shipped,1,406.0,Bangalore,Karnataka,560026.0,IN,false,In Transit,false,false,false,406.0,2022-04,Saturday,true,true,false,false
402-8519791-3706738,2022-04-30 00:00:00,Shipped,Amazon,Amazon.in,Expedited,SET347,SET347-KR-NP-S,Set,S,B09RKDJ9SQ,Shipped,1,852.0,New Delhi,Delhi,110036.0,IN,false,In Transit,false,false,false,852.0,2022-04,Saturday,true,true,false,true
408-1830318-0357940,2022-04-30 00:00:00,Shipped,Amazon,Amazon.in,Expedited,JNE3405,JNE3405-KR-XXL,kurta,XXL,B081WSL2JS,Shipped,1,399.0,Narnaund,Haryana,125039.0,IN,false,In Transit,false,false,false,399.0,2022-04,Saturday,true,true,false,false
406-5103760-7326749,2022-04-30 00:00:00,Shipped,Amazon,Amazon.in,Expedited,JNE3391,JNE3391-KR-XXL,kurta,XXL,B081WYHTF2,Shipped,1,432.0,Ahmedabad,Gujarat,380051.0,IN,false,In Transit,false,false,false,432.0,2022-04,Saturday,true,true,false,false
402-7841951-1872363,2022-04-30 00:00:00,Cancelled,Amazon,Amazon.in,Expedited,SET347,SET347-KR-NP-S,Set,S,B09RKDJ9SQ,Cancelled,0,0.0,New Delhi,Delhi,110036.0,IN,false,Cancelled,true,false,false,0.0,2022-04,Saturday,true,true,false,false
408-7698765-2294756,2022-04-30 00:00:00,Shipped - Delivered to Buyer,Merchant,Amazon.in,Standard,SET277,SET277-KR-NP-XXL,Set,XXL,B0983FZLXC,Shipped,1,1338.0,Ambarnath,Maharashtra,421502.0,IN,false,Delivered,false,false,true,1338.0,2022-04,Saturday,true,false,true,true
404-1856281-9996319,2022-04-30 00:00:00,Shipped - Delivered to Buyer,Merchant,Amazon.in,Standard,J0293,J0293-DR-S,Western Dress,S,B099NQ1SKZ,Shipped,1,472.0,Gwalior,Madhya Pradesh,474005.0,IN,false,Delivered,false,false,true,472.0,2022-04,Saturday,true,false,true,true
406-5406738-7113145,2022-04-30 00:00:00,Shipped,Amazon,Amazon.in,Expedited,SET268,SET268-KR-NP-L,Set,L,B08XQ8MCKP,Shipped,1,788.0,New Delhi,Delhi,110078.0,IN,false,In Transit,false,false,false,788.0,2022-04,Saturday,true,true,false,true
405-5257740-5301158,2022-04-30 00:00:00,Shipped - Delivered to Buyer,Merchant,Amazon.in,Standard,SET154,SET154-KR-NP-XL,Set,XL,B082PXMCZ4,Shipped,1,832.0,Rohtak,Haryana,124001.0,IN,false,Delivered,false,false,true,832.0,2022-04,Saturday,true,false,true,true
405-5257740-5301158,2022-04-30 00:00:00,Shipped - Delivered to Buyer,Merchant,Amazon.in,Standard,JNE3439,JNE3439-KR-XL,kurta,XL,B081X4KQ14,Shipped,1,399.0,Rohtak,Haryana,124001.0,IN,false,Delivered,false,false,true,399.0,2022-04,Saturday,true,false,true,true
405-2072502-4089911,2022-04-30 00:00:00,Shipped,Amazon,Amazon.in,Expedited,SET291,SET291-KR-PP-XL,Set,XL,B099NJV9X7,Shipped,1,599.0,Rohtak,Haryana,124001.0,IN,false,In Transit,false,false,false,599.0,2022-04,Saturday,true,true,false,true
405-0882561-5952340,2022-04-30 00:00:00,Shipped,Amazon,Amazon.in,Expedited,SET293,SET293-KR-NP-M,Set,M,B09K3LJWBB,Shipped,1,692.0,Kolkata,West Bengal,700156.0,IN,false,In Transit,false,false,false,692.0,2022-04,Saturday,true,true,false,false
403-7266170-1163500,2022-04-30 00:00:00,Shipped - Delivered to Buyer,Merchant,Amazon.in,Standard,JNE3648,JNE3648-TP-N-M,Top,M,B08ZH9GDTY,Shipped,1,518.0,Mumbai,Maharashtra,400076.0,IN,false,Delivered,false,false,true,518.0,2022-04,Saturday,true,false,true,true
405-8114272-1687512,2022-04-30 00:00:00,Shipped,Amazon,Amazon.in,Expedited,SET268,SET268-KR-NP-L,Set,L,B08XQ8MCKP,Shipped,1,788.0,New Delhi,Delhi,110034.0,IN,false,In Transit,false,false,false,788.0,2022-04,Saturday,true,true,false,false
171-6138639-1478731,2022-04-30 00:00:00,Shipped,Amazon,Amazon.in,Expedited,JNE3334,JNE3334-KR-M,kurta,M,B07S8WG31H,Shipped,1,318.0,Hyderabad,Telangana,500054.0,IN,false,In Transit,false,false,false,318.0,2022-04,Saturday,true,true,false,true
405-4059216-4541150,2022-04-30 00:00:00,Shipped,Amazon,Amazon.in,Expedited,SET331,SET331-KR-NP-XS,Set,XS,B09NQ54RRT,Shipped,1,597.0,Hyderabad,Telangana,500072.0,IN,false,In Transit,false,false,false,597.0,2022-04,Saturday,true,true,false,true
405-1152015-7333945,2022-04-30 00:00:00,Shipped,Amazon,Amazon.in,Expedited,SET265,SET265-KR-NP-S,Set,S,B0983D6TGS,Shipped,1,888.0,Patna,Bihar,800002.0,IN,false,In Transit,false,false,false,888.0,2022-04,Saturday,true,true,false,true
406-0177436-6731556,2022-04-30 00:00:00,Shipped,Amazon,Amazon.in,Expedited,JNE3718,JNE3718-KR-S,kurta,S,B099FC7FSQ,Shipped,1,406.0,Ramagundam,Telangana,505211.0,IN,false,In Transit,false,false,false,406.0,2022-04,Saturday,true,true,false,false
406-0715107-8168308,2022-04-30 00:00:00,Shipped,Amazon,Amazon.in,Expedited,SET397,SET397-KR-NP  -M,Set,M,B09RKD6KWL,Shipped,1,1186.0,Pithoragarh,Uttarakhand,262501.0,IN,false,In Transit,false,false,false,1186.0,2022-04,Saturday,true,true,false,true
403-0104882-7373900,2022-04-30 00:00:00,Cancelled,Amazon,Amazon.in,Expedited,JNE3861,JNE3861-DR-XXL,Western Dress,XXL,B09SDY9GXB,Unshipped,1,791.0,Himmatnagar,Gujarat,383001.0,IN,false,Cancelled,true,false,false,791.0,2022-04,Saturday,true,true,false,false
403-0104882-7373900,2022-04-30 00:00:00,Cancelled,Amazon,Amazon.in,Expedited,J0335,J0335-DR-XL,Western Dress,XL,B09831P2JC,Unshipped,1,807.0,Himmatnagar,Gujarat,383001.0,IN,false,Cancelled,true,false,false,807.0,2022-04,Saturday,true,true,false,false
403-0104882-7373900,2022-04-30 00:00:00,Cancelled,Amazon,Amazon.in,Expedited,J0335,J0335-DR-XXL,Western Dress,XXL,B0982ZS9FG,Unshipped,1,807.0,Himmatnagar,Gujarat,383001.0,IN,false,Cancelled,true,false,false,807.0,2022-04,Saturday,true,true,false,false
405-3002282-6797102,2022-04-30 00:00:00,Shipped,Amazon,Amazon.in,Expedited,JNE1525,JNE1525-KR-UDF19-A-S,kurta,S,B0743FRDLK,Shipped,1,311.0,Kolkata,West Bengal,700057.0,IN,false,In Transit,false,false,false,311.0,2022-04,Saturday,true,true,false,false
407-8466904-3461908,2022-04-30 00:00:00,Shipped,Amazon,Amazon.in,Expedited,JNE3654,JNE3654-TP-XL,Top,XL,B09873BFC1,Shipped,1,387.0,Mumbai,Maharashtra,400101.0,IN,false,In Transit,false,false,false,387.0,2022-04,Saturday,true,true,false,true
171-3305587-5364338,2022-04-30 00:00:00,Shipped,Amazon,Amazon.in,Expedited,JNE3261,JNE3261-KR-S,kurta,S,B07R41PW8D,Shipped,1,348.0,Hyderabad,Telangana,500053.0,IN,false,In Transit,false,false,false,348.0,2022-04,Saturday,true,true,false,false
406-8961316-8137943,2022-04-30 00:00:00,Shipped - Delivered to Buyer,Merchant,Amazon.in,Standard,SET324,SET324-KR-NP-S,Set,S,B09NQ4CZ65,Shipped,1,597.0,"Guwahati, Kamrup (M)",Assam,781014.0,IN,false,Delivered,false,false,true,597.0,2022-04,Saturday,true,false,true,true
406-8961316-8137943,2022-04-30 00:00:00,Shipped - Delivered to Buyer,Merchant,Amazon.in,Standard,SET332,SET332-KR-PP-S,Set,S,B09NQ33VW2,Shipped,1,549.0,"Guwahati, Kamrup (M)",Assam,781014.0,IN,false,Delivered,false,false,true,549.0,2022-04,Saturday,true,false,true,true
171-2813040-8296320,2022-04-30 00:00:00,Shipped,Amazon,Amazon.in,Expedited,SET324,SET324-KR-NP-XXXL,Set,3XL,B09NQ51MPV,Shipped,1,635.0,Kolar,Karnataka,563101.0,IN,false,In Transit,false,false,false,635.0,2022-04,Saturday,true,true,false,true
408-9845791-1393151,2022-04-30 00:00:00,Shipped,Amazon,Amazon.in,Expedited,SET324,SET324-KR-NP-XS,Set,XS,B09NQ4DD29,Shipped,1,597.0,Patiala,Punjab,147001.0,IN,false,In Transit,false,false,false,597.0,2022-04,Saturday,true,true,false,true
402-4277204-2348328,2022-04-30 00:00:00,Shipped,Amazon,Amazon.in,Expedited,SET280,SET280-KR-PP-S,Set,S,B09CT26LGZ,Shipped,1,790.0,Rewa,Madhya Pradesh,486001.0,IN,false,In Transit,false,false,false,790.0,2022-04,Saturday,true,true,false,true
171-3049339-2085136,2022-04-30 00:00:00,Shipped,Amazon,Amazon.in,Expedited,JNE3618,JNE3618-KR-XXL,kurta,XXL,B091Q9J9QL,Shipped,1,375.0,Bongaigaon,Assam,783380.0,IN,false,In Transit,false,false,false,375.0,2022-04,Saturday,true,true,false,false
405-9928526-2470747,2022-04-30 00:00:00,Shipped,Amazon,Amazon.in,Expedited,SET304,SET304-KR-DPT-XS,Set,XS,B09K3LRR2T,Shipped,1,1115.0,Hyderabad,Telangana,500087.0,IN,false,In Transit,false,false,false,1115.0,2022-04,Saturday,true,true,false,false
405-4908072-0260360,2022-04-30 00:00:00,Shipped - Delivered to Buyer,Merchant,Amazon.in,Standard,MEN5032,MEN5032-KR-XXXL,kurta,3XL,B08YZ2ZXT7,Shipped,1,579.0,Bengaluru,Karnataka,560055.0,IN,false,Delivered,false,false,true,579.0,2022-04,Saturday,true,false,true,true
406-3984186-5973150,2022-04-30 00:00:00,Shipped,Amazon,Amazon.in,Expedited,SET110,SET110-KR-PP-XXL,Set,XXL,B0822V61TT,Shipped,1,788.0,Chengalpattu,Tamil Nadu,603002.0,IN,false,In Transit,false,false,false,788.0,2022-04,Saturday,true,true,false,true
171-8635309-7508346,2022-04-30 00:00:00,Shipped,Amazon,Amazon.in,Expedited,SET324,SET324-KR-NP-M,Set,M,B09NQ4NM75,Shipped,1,597.0,Perambalur,Tamil Nadu,621212.0,IN,false,In Transit,false,false,false,597.0,2022-04,Saturday,true,true,false,true
171-0293372-4913973,2022-04-30 00:00:00,Cancelled,Amazon,Amazon.in,Expedited,SET269,SET269-KR-NP-XXXL,Set,3XL,B0983FSRFS,Cancelled,0,0.0,Kolar,Karnataka,563101.0,IN,false,Cancelled,true,false,false,0.0,2022-04,Saturday,true,true,false,false
402-8288606-4313118,2022-04-30 00:00:00,Shipped,Amazon,Amazon.in,Expedited,JNE3794,JNE3794-KR-M,kurta,M,B09HMVWDN3,Shipped,1,517.0,Bilaspur,Himachal Pradesh,174001.0,IN,false,In Transit,false,false,false,517.0,2022-04,Saturday,true,true,false,true
402-8746990-6412346,2022-04-30 00:00:00,Shipped,Amazon,Amazon.in,Expedited,JNE3291,JNE3291-KR-XXL,kurta,XXL,B07R41RZV7,Shipped,1,442.0,Chennai,Tamil Nadu,600099.0,IN,false,In Transit,false,false,false,442.0,2022-04,Saturday,true,true,false,false
402-0294212-5431551,2022-04-30 00:00:00,Shipped,Amazon,Amazon.in,Expedited,JNE3440,JNE3440-KR-N-XXXL,kurta,3XL,B09HMTKV2L,Shipped,1,399.0,Varanasi,Uttar Pradesh,221010.0,IN,false,In Transit,false,false,false,399.0,2022-04,Saturday,true,true,false,false
406-1530134-2105912,2022-04-30 00:00:00,Shipped,Amazon,Amazon.in,Expedited,JNE2270,JNE2270-KR-487-A-XXL,kurta,XXL,B07H7DZXJ5,Shipped,1,518.0,Bengaluru,Karnataka,560036.0,IN,false,In Transit,false,false,false,518.0,2022-04,Saturday,true,true,false,false
403-5222550-4437140,2022-04-30 00:00:00,Shipped,Amazon,Amazon.in,Expedited,JNE3261,JNE3261-KR-M,kurta,M,B07R5X3499,Shipped,1,348.0,Coimbatore,Tamil Nadu,641035.0,IN,false,In Transit,false,false,false,348.0,2022-04,Saturday,true,true,false,true
408-1482435-5202714,2022-04-30 00:00:00,Shipped - Delivered to Buyer,Merchant,Amazon.in,Standard,SET110,SET110-KR-PP-M,Set,M,B0822TDMYH,Shipped,1,788.0,Chirmiri,Chhattisgarh,497449.0,IN,false,Delivered,false,false,true,788.0,2022-04,Saturday,true,false,true,true
403-6442534-2769112,2022-04-30 00:00:00,Cancelled,Amazon,Amazon.in,Expedited,J0300,J0300-TP-XXXL,Top,3XL,B099S7RDLZ,Cancelled,0,0.0,Azamgarh,Uttar Pradesh,276302.0,IN,false,Cancelled,true,false,false,0.0,2022-04,Saturday,true,true,false,false
408-3113070-0750756,2022-04-30 00:00:00,Shipped,Amazon,Amazon.in,Expedited,SET324,SET324-KR-NP-M,Set,M,B09NQ4NM75,Shipped,1,597.0,Kalyan,Maharashtra,421306.0,IN,false,In Transit,false,false,false,597.0,2022-04,Saturday,true,true,false,false
404-7796841-1880317,2022-04-30 00:00:00,Shipped,Amazon,Amazon.in,Expedited,JNE3810,JNE3810-KR-S,kurta,S,B09RKBYVXN,Shipped,1,696.0,New Delhi,Delhi,110016.0,IN,false,In Transit,false,false,false,696.0,2022-04,Saturday,true,true,false,false
405-2142542-0941949,2022-04-30 00:00:00,Shipped,Amazon,Amazon.in,Expedited,JNE3461,JNE3461-KR-XL,kurta,XL,B08B3YPXKZ,Shipped,1,363.0,Hyderabad,Telangana,502032.0,IN,false,In Transit,false,false,false,363.0,2022-04,Saturday,true,true,false,true
405-0286717-7761132,2022-04-30 00:00:00,Shipped,Amazon,Amazon.in,Standard,JNE3429,JNE3429-KR-XL,kurta,XL,B0893DJ4TN,Shipped,1,299.0,Hyderabad,Telangana,502032.0,IN,false,In Transit,false,false,false,299.0,2022-04,Saturday,true,true,false,false
406-9021273-9221106,2022-04-30 00:00:00,Shipped,Amazon,Amazon.in,Expedited,JNE3710,JNE3710-DR-S,Western Dress,S,B091SV9XW1,Shipped,1,690.0,Guwahati,Assam,781026.0,IN,false,In Transit,false,false,false,690.0,2022-04,Saturday,true,true,false,true
404-5381335-4577925,2022-04-30 00:00:00,Shipped,Amazon,Amazon.in,Expedited,J0113,J0113-TP-XS,Top,XS,B08TZNX8NY,Shipped,1,574.0,Mysore,Karnataka,570008.0,IN,false,In Transit,false,false,false,574.0,2022-04,Saturday,true,true,false,true
171-0131752-2560336,2022-04-30 00:00:00,Shipped - Delivered to Buyer,Merchant,Amazon.in,Standard,SET355,SET355-KR-PP-M,Set,M,B09RKDPHFP,Shipped,1,1399.0,Barabanki,Uttar Pradesh,225001.0,IN,false,Delivered,false,false,true,1399.0,2022-04,Saturday,true,false,true,true
407-4235449-1353916,2022-04-30 00:00:00,Shipped - Delivered to Buyer,Merchant,Amazon.in,Standard,J0009,J0009-SKD-S,Set,S,B0894X8979,Shipped,1,999.0,Amila,Uttar Pradesh,275301.0,IN,false,Delivered,false,false,true,999.0,2022-04,Saturday,true,false,true,true
171-8061614-5688327,2022-04-30 00:00:00,Shipped,Amazon,Amazon.in,Expedited,J0248,J0248-KR-DPT-XL,Set,XL,B09RKFS78Y,Shipped,1,999.0,Vijayawada,Andhra Pradesh,520010.0,IN,false,In Transit,false,false,false,999.0,2022-04,Saturday,true,true,false,true
407-8248783-4261958,2022-04-30 00:00:00,Shipped,Amazon,Amazon.in,Expedited,JNE3560,JNE3560-KR-XL,kurta,XL,B08PCSJ2M6,Shipped,1,487.0,Rawan Ambuja Cement Plant,Chhattisgarh,493331.0,IN,false,In Transit,false,false,false,487.0,2022-04,Saturday,true,true,false,true
404-6513062-3876305,2022-04-30 00:00:00,Shipped - Delivered to Buyer,Merchant,Amazon.in,Standard,JNE3373,JNE3373-KR-XXXL,kurta,3XL,B082W7MZVQ,Shipped,1,376.0,Tiruchirappalli,Tamil Nadu,620018.0,IN,false,Delivered,false,false,true,376.0,2022-04,Saturday,true,false,true,true
406-7779874-9136347,2022-04-30 00:00:00,Shipped,Amazon,Amazon.in,Expedited,SET398,SET398-KR-PP-L,Set,L,B09RP8WLNY,Shipped,1,1115.0,Herbertpur,Uttarakhand,248142.0,IN,false,In Transit,false,false,false,1115.0,2022-04,Saturday,true,true,false,true
406-9638549-1733961,2022-04-30 00:00:00,Shipped,Amazon,Amazon.in,Expedited,NW032,NW032-ST-CP-XXL,Set,XXL,B0922SFWK1,Shipped,1,517.0,Bengaluru,Karnataka,560048.0,IN,false,In Transit,false,false,false,517.0,2022-04,Saturday,true,true,false,false
407-8801185-0134713,2022-04-30 00:00:00,Shipped,Amazon,Amazon.in,Expedited,SET361,SET361-KR-NP-S,Set,S,B09QJ4J6KJ,Shipped,1,1126.0,Bangalore,Karnataka,560001.0,IN,false,In Transit,false,false,false,1126.0,2022-04,Saturday,true,true,false,true
171-3625443-6505905,2022-04-30 00:00:00,Shipped,Amazon,Amazon.in,Expedited,JNE3797,JNE3797-KR-L,Western Dress,L,B09SDXFFQ1,Shipped,1,725.0,Kalamassery,Kerala,682021.0,IN,false,In Transit,false,false,false,725.0,2022-04,Saturday,true,true,false,true
402-8078642-8565124,2022-04-30 00:00:00,Cancelled,Amazon,Amazon.in,Expedited,JNE3887,JNE3887-KR-XL,kurta,XL,B09TZVXQ1J,Cancelled,0,0.0,Puri-2,Odisha,752002.0,IN,false,Cancelled,true,false,false,0.0,2022-04,Saturday,true,true,false,false
402-2820441-9623566,2022-04-30 00:00:00,Shipped,Amazon,Amazon.in,Expedited,JNE3870,JNE3870-DR-XXL,Western Dress,XXL,B09RK61TZX,Shipped,1,721.0,Tikabali,Odisha,762010.0,IN,false,In Transit,false,false,false,721.0,2022-04,Saturday,true,true,false,true
171-4312987-5366767,2022-04-30 00:00:00,Shipped,Amazon,Amazon.in,Expedited,SET345,SET345-KR-NP-XS,Set,XS,B09KXSVTDB,Shipped,1,666.0,Biharsharif,Bihar,803115.0,IN,false,In Transit,false,false,false,666.0,2022-04,Saturday,true,true,false,true
403-5189998-9343503,2022-04-30 00:00:00,Shipped,Amazon,Amazon.in,Expedited,NW013,NW013-ST-SR-L,Set,L,B0928XJX1F,Shipped,1,496.0,Hyderabad,Telangana,500075.0,IN,false,In Transit,false,false,false,496.0,2022-04,Saturday,true,true,false,false
407-9863928-5979501,2022-04-30 00:00:00,Shipped - Delivered to Buyer,Merchant,Amazon.in,Standard,JNE2014,JNE2014-KR-178-XL,kurta,XL,B077MM3LFJ,Shipped,1,353.0,Paravur,Kerala,683513.0,IN,false,Delivered,false,false,true,353.0,2022-04,Saturday,true,false,true,true
171-4644162-9093116,2022-04-30 00:00:00,Shipped - Delivered to Buyer,Merchant,Amazon.in,Standard,JNE3612,JNE3612-KR-S,kurta,S,B091Q7G4PC,Shipped,1,399.0,Basti,Uttar Pradesh,272001.0,IN,false,Delivered,false,false,true,399.0,2022-04,Saturday,true,false,true,true
406-0974406-3179521,2022-04-30 00:00:00,Shipped,Amazon,Amazon.in,Expedited,PJNE2100,PJNE2100-KR-N-6XL,kurta,6XL,B09LD3PMBT,Shipped,1,458.0,Walajapet,Tamil Nadu,632513.0,IN,false,In Transit,false,false,false,458.0,2022-04,Saturday,true,true,false,false
402-0048138-1845122,2022-04-30 00:00:00,Shipped,Amazon,Amazon.in,Expedited,SET398,SET398-KR-PP-XXXL,Set,3XL,B09RPJD74Z,Shipped,1,1115.0,Dimapur,Nagaland,797112.0,IN,false,In Transit,false,false,false,1115.0,2022-04,Saturday,true,true,false,true
407-6283946-7749133,2022-04-30 00:00:00,Shipped,Amazon,Amazon.in,Expedited,J0006,J0006-SET-M,Ethnic Dress,M,B0894WV6S6,Shipped,1,845.0,Bengaluru,Karnataka,560029.0,IN,false,In Transit,false,false,false,845.0,2022-04,Saturday,true,true,false,true
407-0542879-1795554,2022-04-30 00:00:00,Shipped - Delivered to Buyer,Merchant,Amazon.in,Standard,JNE3405,JNE3405-KR-S,kurta,S,B081WX4G4Q,Shipped,1,399.0,Mahendragarh,Haryana,123027.0,IN,false,Delivered,false,false,true,399.0,2022-04,Saturday,true,false,true,true
406-0218328-1773963,2022-04-30 00:00:00,Cancelled,Amazon,Amazon.in,Expedited,PJNE2100,PJNE2100-KR-N-6XL,kurta,6XL,B09LD3PMBT,Cancelled,0,0.0,Walajapet,Tamil Nadu,632513.0,IN,false,Cancelled,true,false,false,0.0,2022-04,Saturday,true,true,false,true
407-3742007-3242711,2022-04-30 00:00:00,Shipped,Amazon,Amazon.in,Expedited,JNE3437,JNE3437-KR-S,kurta,S,B085HGB1GT,Shipped,1,517.0,Hyderabad,Telangana,500086.0,IN,false,In Transit,false,false,false,517.0,2022-04,Saturday,true,true,false,false
407-3742007-3242711,2022-04-30 00:00:00,Shipped,Amazon,Amazon.in,Expedited,JNE3465,JNE3465-KR-S,kurta,S,B08BF4GQ9V,Shipped,1,517.0,Hyderabad,Telangana,500086.0,IN,false,In Transit,false,false,false,517.0,2022-04,Saturday,true,true,false,false
405-3067317-3360344,2022-04-30 00:00:00,Shipped,Amazon,Amazon.in,Expedited,J0373,J0373-KR-XXXL,kurta,3XL,B09KXQ3NHZ,Shipped,1,599.0,Greater Noida,Uttar Pradesh,201306.0,IN,false,In Transit,false,false,false,599.0,2022-04,Saturday,true,true,false,false
406-5648244-8317954,2022-04-30 00:00:00,Shipped,Amazon,Amazon.in,Expedited,J0344,J0344-TP-XXXL,Top,3XL,B098731927,Shipped,1,487.0,New Delhi,Delhi,110019.0,IN,false,In Transit,false,false,false,487.0,2022-04,Saturday,true,true,false,false
171-3460653-0171519,2022-04-30 00:00:00,Shipped,Amazon,Amazon.in,Expedited,J0118,J0118-TP-XXL,Top,XXL,B08N4QTQHW,Shipped,1,487.0,Gurugram,Haryana,122002.0,IN,false,In Transit,false,false,false,487.0,2022-04,Saturday,true,true,false,true
404-5337874-2284337,2022-04-30 00:00:00,Shipped,Amazon,Amazon.in,Expedited,SET200,SET200-KR-NP-A-XS,Set,XS,B08L92SN2W,Shipped,1,568.0,Bengaluru,Karnataka,560040.0,IN,false,In Transit,false,false,false,568.0,2022-04,Saturday,true,true,false,true
405-2660443-4165145,2022-04-30 00:00:00,Shipped - Delivered to Buyer,Merchant,Amazon.in,Standard,JNE3405,JNE3405-KR-M,kurta,M,B081WVMMCY,Shipped,1,399.0,Bengaluru,Karnataka,560022.0,IN,false,Delivered,false,false,true,399.0,2022-04,Saturday,true,false,true,true
402-3329522-2367566,2022-04-30 00:00:00,Shipped,Amazon,Amazon.in,Expedited,JNE1998,JNE1998-KR-311-XXL,kurta,XXL,B078NTPQHT,Shipped,1,295.0,Mumbai,Maharashtra,400069.0,IN,false,In Transit,false,false,false,295.0,2022-04,Saturday,true,true,false,true
406-3078054-1755513,2022-04-30 00:00:00,Shipped,Amazon,Amazon.in,Expedited,MEN5004,MEN5004-KR-XXXL,kurta,3XL,B08YZ2W99X,Shipped,1,484.0,Bijnor,Uttar Pradesh,246722.0,IN,false,In Transit,false,false,false,484.0,2022-04,Saturday,true,true,false,false
171-4647176-6456305,2022-04-30 00:00:00,Shipped,Amazon,Amazon.in,Expedited,SET345,SET345-KR-NP-XXL,Set,XXL,B09KXSQ73F,Shipped,1,626.0,Mumbai,Maharashtra,400078.0,IN,false,In Transit,false,false,false,626.0,2022-04,Saturday,true,true,false,false
408-5011528-8276347,2022-04-30 00:00:00,Shipped,Amazon,Amazon.in,Expedited,SET291,SET291-KR-PP-M,Set,M,B099NK55YG,Shipped,1,563.0,Allahabad,Uttar Pradesh,211001.0,IN,false,In Transit,false,false,false,563.0,2022-04,Saturday,true,true,false,true
407-4097885-3129958,2022-04-30 00:00:00,Shipped - Delivered to Buyer,Merchant,Amazon.in,Standard,JNE3654,JNE3654-TP-L,Top,L,B09B3GS5CM,Shipped,1,387.0,Vasai Virar,Maharashtra,401202.0,IN,false,Delivered,false,false,true,387.0,2022-04,Saturday,true,false,true,true
171-1224053-5752314,2022-04-30 00:00:00,Cancelled,Merchant,Amazon.in,Standard,J0344,J0344-TP-L,Top,L,B0986XYFFP,,0,463.81,Bengaluru,Karnataka,560087.0,IN,false,Cancelled,true,false,false,0.0,2022-04,Saturday,true,false,true,false
406-2849582-6531553,2022-04-30 00:00:00,Shipped,Amazon,Amazon.in,Expedited,J0334,J0334-TP-L,Top,L,B0986XXHX7,Shipped,1,512.0,Bijnor,Uttar Pradesh,246701.0,IN,false,In Transit,false,false,false,512.0,2022-04,Saturday,true,true,false,true
407-5875767-6399551,2022-04-30 00:00:00,Shipped,Amazon,Amazon.in,Expedited,J0230,J0230-SKD-S,Set,S,B08XNJ19QH,Shipped,1,1112.0,Hyderabad,Telangana,500085.0,IN,false,In Transit,false,false,false,1112.0,2022-04,Saturday,true,true,false,false
171-6336729-6763536,2022-04-30 00:00:00,Cancelled,Amazon,Amazon.in,Expedited,SET345,SET345-KR-NP-M,Set,M,B09KXV4BN8,Unshipped,1,626.0,Bengaluru,Karnataka,560037.0,IN,false,Cancelled,true,false,false,626.0,2022-04,Saturday,true,true,false,false
404-3907920-5281963,2022-04-30 00:00:00,Shipped,Amazon,Amazon.in,Expedited,JNE1233,JNE1233-BLUE-KR-031-XXL,kurta,XXL,B071VG5FH4,Shipped,1,376.0,Hyderabad,Telangana,500090.0,IN,false,In Transit,false,false,false,376.0,2022-04,Saturday,true,true,false,true
408-7310428-6047538,2022-04-30 00:00:00,Shipped,Amazon,Amazon.in,Expedited,J0295,J0295-DR-M,Western Dress,M,B099NP42BF,Shipped,1,859.0,Bengaluru,Karnataka,560075.0,IN,false,In Transit,false,false,false,859.0,2022-04,Saturday,true,true,false,true
403-2608092-6065935,2022-04-30 00:00:00,Shipped,Amazon,Amazon.in,Expedited,SET324,SET324-KR-NP-L,Set,L,B09NQ44RNV,Shipped,1,597.0,Mangaluru,Karnataka,575001.0,IN,false,In Transit,false,false,false,597.0,2022-04,Saturday,true,true,false,true
404-9760385-9109154,2022-04-30 00:00:00,Shipped,Amazon,Amazon.in,Expedited,JNE3371,JNE3371-KR-XL,kurta,XL,B07WV4JV4D,Shipped,1,329.0,Hyderabad,Telangana,500034.0,IN,false,In Transit,false,false,false,329.0,2022-04,Saturday,true,true,false,false
405-0732969-3941948,2022-04-30 00:00:00,Shipped - Delivered to Buyer,Merchant,Amazon.in,Standard,J0147,J0147-SET-XL,Set,XL,B091Z8TV5Q,Shipped,1,583.0,New Town,West Bengal,700059.0,IN,false,Delivered,false,false,true,583.0,2022-04,Saturday,true,false,true,true
402-2720308-2560327,2022-04-30 00:00:00,Shipped,Amazon,Amazon.in,Expedited,J0308,J0308-DR-L,Western Dress,L,B099NS9KRN,Shipped,1,665.0,Mumbai,Maharashtra,400016.0,IN,false,In Transit,false,false,false,665.0,2022-04,Saturday,true,true,false,false
402-0589123-6183541,2022-04-30 00:00:00,Shipped,Amazon,Amazon.in,Expedited,NW030,NW030-TP-PJ-L,Set,L,B09G2T795K,Shipped,1,582.0,Mumbai,Maharashtra,400016.0,IN,false,In Transit,false,false,false,582.0,2022-04,Saturday,true,true,false,false
408-3874942-9917143,2022-04-30 00:00:00,Shipped,Amazon,Amazon.in,Expedited,SET360,SET360-KR-NP-XL,Set,XL,B09QJLG4DF,Shipped,1,1126.0,Sambhal,Uttar Pradesh,244302.0,IN,false,In Transit,false,false,false,1126.0,2022-04,Saturday,true,true,false,true
402-1706149-0949104,2022-04-30 00:00:00,Shipped,Amazon,Amazon.in,Expedited,PJNE3373,PJNE3373-KR-N-6XL,kurta,6XL,B09LD3TCYP,Shipped,1,534.0,Nagpur,Maharashtra,441002.0,IN,false,In Transit,false,false,false,534.0,2022-04,Saturday,true,true,false,true
407-1672316-3245939,2022-04-30 00:00:00,Shipped,Amazon,Amazon.in,Expedited,JNE3449,JNE3449-KR-XXL,kurta,XXL,B08BF9DZ3F,Shipped,1,319.0,Elavanasurkottai,Tamil Nadu,607202.0,IN,false,In Transit,false,false,false,319.0,2022-04,Saturday,true,true,false,true
405-1832646-7988329,2022-04-30 00:00:00,Shipped,Amazon,Amazon.in,Expedited,JNE3786,JNE3786-KR-S,kurta,S,B09M72VK88,Shipped,1,368.0,Sangli Miraj Kupwad,Maharashtra,416410.0,IN,false,In Transit,false,false,false,368.0,2022-04,Saturday,true,true,false,false
408-9692204-9817146,2022-04-30 00:00:00,Cancelled,Amazon,Amazon.in,Expedited,SET324,SET324-KR-NP-M,Set,M,B09NQ4NM75,Unshipped,1,597.0,Kalyan,Maharashtra,421306.0,IN,false,Cancelled,true,false,false,597.0,2022-04,Saturday,true,true,false,false
402-9339129-6219537,2022-04-30 00:00:00,Cancelled,Amazon,Amazon.in,Expedited,J0003,J0003-SET-XXL,Set,XXL,B0894XKVH3,Unshipped,1,654.0,Mysuru,Karnataka,570016.0,IN,false,Cancelled,true,false,false,654.0,2022-04,Saturday,true,true,false,false
405-3036350-8089120,2022-04-30 00:00:00,Shipped,Amazon,Amazon.in,Expedited,J0314,J0314-KR-M,kurta,M,B08PV1NB1B,Shipped,1,795.0,Ankleshwr,Gujarat,393002.0,IN,false,In Transit,false,false,false,795.0,2022-04,Saturday,true,true,false,true
404-6680046-0839536,2022-04-30 00:00:00,Shipped - Delivered to Buyer,Merchant,Amazon.in,Standard,J0341,J0341-DR-M,Western Dress,M,B099NQQ79L,Shipped,1,744.0,Chennai,Tamil Nadu,600117.0,IN,false,Delivered,false,false,true,744.0,2022-04,Saturday,true,false,true,true
406-2966654-4672325,2022-04-30 00:00:00,Shipped,Amazon,Amazon.in,Expedited,PJNE3068,PJNE3068-KR-4XL,kurta,4XL,B09M75YGQF,Shipped,1,692.0,Greater Noida West,Uttar Pradesh,201009.0,IN,false,In Transit,false,false,false,692.0,2022-04,Saturday,true,true,false,false
403-4845285-4565113,2022-04-30 00:00:00,Shipped,Amazon,Amazon.in,Expedited,J0340,J0340-TP-M,Top,M,B0986XSXR1,Shipped,1,563.0,Jammu,Jammu & Kashmir,180007.0,IN,false,In Transit,false,false,false,563.0,2022-04,Saturday,true,true,false,true
171-4496851-5319548,2022-04-30 00:00:00,Shipped,Amazon,Amazon.in,Expedited,JNE3687,JNE3687-TU-M,Top,M,B0986XRZ8X,Shipped,1,545.0,Bengaluru,Karnataka,560085.0,IN,false,In Transit,false,false,false,545.0,2022-04,Saturday,true,true,false,false
